risk_band,value_band,segment,need,contact,action,offer_type
2,2,Rescue,"a reason to stay that is worth more than the fee",yes,contact with a retention offer on the best consented channel,discount
2,1,Rescue (economy),"the same reason to stay, at a cost the account can carry",yes,contact with a retention offer on the cheapest consented channel,discount
2,0,Let go,"the problem fixed, not an offer",no,no outbound contact; route the cause to service,none
1,2,Protect,"to not become a rescue case",yes,proactive service check; no discount,none
1,1,Watch,"nothing yet",no,no contact this wave; re-score next month,none
1,0,Reprice,"a plan that matches what they use",yes,offer the plan that fits their usage,upgrade
0,2,Grow,"more of what they already use",yes,offer the next plan up,upgrade
0,1,Grow (bundle),"more of what they already use",yes,offer a data bundle,data_bundle
0,0,Self-serve,"to be left alone",no,no contact; digital channels only,none
